id,sentence_eng_Latn,sentence_hin_Deva,sentence_ben_Beng,sentence_guj_Gujr,src_text,tgt_text,english_text,hindi_text,pair_name,pair_class,src_lang,tgt_lang,src_lang_name,tgt_lang_name,src_word_count,src_roman,src_devanagari,sentence_tam_Taml,sentence_asm_Beng
4,The pilot was identified as Squadron Leader Dilokrit Pattavee.,पायलट की पहचान स्क्वाड्रन लीडर दिलोकृत पटावी के रूप में की गई.,পাইলটটি স্কোয়াড্রন লিডার দিলোকৃত পাত্তাভী হিসেবে শনাক্ত হয়েছিল।,પાઇલટની ઓળખ સ્ક્વૉડ્રન લીડર ડિલોક્રિટ પૅટ્ટાવી તરીકે થઈ.,পাইলটটি স্কোয়াড্রন লিডার দিলোকৃত পাত্তাভী হিসেবে শনাক্ত হয়েছিল।,પાઇલટની ઓળખ સ્ક્વૉડ્રન લીડર ડિલોક્રિટ પૅટ્ટાવી તરીકે થઈ.,The pilot was identified as Squadron Leader Dilokrit Pattavee.,पायलट की पहचान स्क्वाड्रन लीडर दिलोकृत पटावी के रूप में की गई.,ben_to_guj,test_cross_script_same_family,ben_Beng,guj_Gujr,Bengali,Gujarati,8,paailaTaTi skoaaDrana liDaara dilokR^ita paattaabhii hisebe shanaakta haeChila।,पाइलटटि स्कोय़ाड्रन लिडार दिलोकृत पात्ताभी हिसेबे शनाक्त हय़ेछिल।,,
6,"28-year-old Vidal had joined Barça three seasons ago, from Sevilla.",28 वर्षीय विडाल तीन सीजन पहले सेविला से बारका में शामिल हुए थे।,২৮ বছর বয়সী ভিদাল ৩ বছর আগে সেভিয়া থেকে বার্সেলোনায় যোগদান করেছিল।,28 વર્ષના વિદાલ ત્રણ સિઝન પહેલા બારકા સાથે જોડાયા હતા.,২৮ বছর বয়সী ভিদাল ৩ বছর আগে সেভিয়া থেকে বার্সেলোনায় যোগদান করেছিল।,28 વર્ષના વિદાલ ત્રણ સિઝન પહેલા બારકા સાથે જોડાયા હતા.,"28-year-old Vidal had joined Barça three seasons ago, from Sevilla.",28 वर्षीय विडाल तीन सीजन पहले सेविला से बारका में शामिल हुए थे।,ben_to_guj,test_cross_script_same_family,ben_Beng,guj_Gujr,Bengali,Gujarati,12,28 baChara baय़sii bhidaala 3 baChara aage sebhiaa theke baarselonaaय़ yogadaana kareChila।,२८ बछर बय़सी भिदाल ३ बछर आगे सेभिय़ा थेके बार्सेलोनाय़ योगदान करेछिल।,,
7,"Since moving to the Catalan-capital, Vidal had played 49 games for the club.","कातलान की राजधानी (बार्सिलोना) में जाने के बाद से, विडाल ने क्लब के लिए 49 गेम खेले थे.",কাতালান-রাজধানীতে আসার পর থেকে ভিদাল ক্লাবটির হয়ে 49 টি গেম খেলেছিল।,કેટાલનની રાજધાનીમાં ગયા પછી વિડાલ ક્લબ માટે 49 રમતો રમ્યો હતા.,কাতালান-রাজধানীতে আসার পর থেকে ভিদাল ক্লাবটির হয়ে 49 টি গেম খেলেছিল।,કેટાલનની રાજધાનીમાં ગયા પછી વિડાલ ક્લબ માટે 49 રમતો રમ્યો હતા.,"Since moving to the Catalan-capital, Vidal had played 49 games for the club.","कातलान की राजधानी (बार्सिलोना) में जाने के बाद से, विडाल ने क्लब के लिए 49 गेम खेले थे.",ben_to_guj,test_cross_script_same_family,ben_Beng,guj_Gujr,Bengali,Gujarati,11,kaataalaana-raajadhaaniite aasaara para theke bhidaala klaabaTira hayae 49 Ti gema kheleChila।,कातालान-राजधानीते आसार पर थेके भिदाल क्लाबटिर हय़े 49 टि गेम खेलेछिल।,,
9,"Just after 11:00, protesters blocked traffic on the northbound carriage in Whitehall.","ठीक 11:00 बजे के बाद, व्हाइटहॉल में उत्तर की ओर जाने वाले ट्रैफ़िक को प्रदर्शनकारियों ने रोक दिया.","11:00 টার ঠিক পরে, বিক্ষোভকারীরা হোয়াইটহলের উত্তরদিকগামি যানচলাচল অবরোধ করেছিল।","11:00 વાગતાજ, વિરોધપ્રદર્શનકારીઓએ વાઇટહોલના નોર્થબોઉંડ કેરિએજ પર ટ્રાફિક રોકી દીધુ.","11:00 টার ঠিক পরে, বিক্ষোভকারীরা হোয়াইটহলের উত্তরদিকগামি যানচলাচল অবরোধ করেছিল।","11:00 વાગતાજ, વિરોધપ્રદર્શનકારીઓએ વાઇટહોલના નોર્થબોઉંડ કેરિએજ પર ટ્રાફિક રોકી દીધુ.","Just after 11:00, protesters blocked traffic on the northbound carriage in Whitehall.","ठीक 11:00 बजे के बाद, व्हाइटहॉल में उत्तर की ओर जाने वाले ट्रैफ़िक को प्रदर्शनकारियों ने रोक दिया.",ben_to_guj,test_cross_script_same_family,ben_Beng,guj_Gujr,Bengali,Gujarati,10,"11:00 Taara Thika pare, bikShobhakaariiraa hoyaaaiTahalera uttaradikagaami yaanachalaachala abarodha kareChila।","11:00 टार ठिक परे, बिक्षोभकारीरा होय़ाइटहलेर उत्तरदिकगामि यानचलाचल अबरोध करेछिल।",,
12,Nadal's head to head record against the Canadian is 7–2.,कनाडियन के खिलाफ नडाल का सीधा रिकॉर्ड 7-2 है।,কানাডার এই খেলোয়াড়ের বিরুদ্ধে নাদালের মুখোমুখি হওয়ার পরিসংখ্যান হলো ৭-২ ।,નાદલ અને કેનેડિયન વચ્ચે ની હરીફાઈ નો રેકોર્ડ 7-2 છે.,কানাডার এই খেলোয়াড়ের বিরুদ্ধে নাদালের মুখোমুখি হওয়ার পরিসংখ্যান হলো ৭-২ ।,નાદલ અને કેનેડિયન વચ્ચે ની હરીફાઈ નો રેકોર્ડ 7-2 છે.,Nadal's head to head record against the Canadian is 7–2.,कनाडियन के खिलाफ नडाल का सीधा रिकॉर्ड 7-2 है।,ben_to_guj,test_cross_script_same_family,ben_Beng,guj_Gujr,Bengali,Gujarati,11,kaanaaDaara ei kheloaaera biruddhe naadaalera mukhomukhi haoaara parisa.mkhyaana halo 7-2 ।,कानाडार एइ खेलोय़ाड़ेर बिरुद्धे नादालेर मुखोमुखि हओय़ार परिसंख्यान हलो ७-२ ।,,
13,He recently lost against Raonic in the Brisbane Open.,वे हाल ही में ब्रिस्बेन ओपन में रोनिक के खिलाफ हार गए थे.,সম্প্রতি তিনি ব্রিসবেন ওপেনে রাওনিকের বিপক্ষে হেরেছেন,તાજેતરમાં બ્રિસ્બેન ઓપનમાં તેઓ રેઓનિક સામે હારી ગયા હતા.,সম্প্রতি তিনি ব্রিসবেন ওপেনে রাওনিকের বিপক্ষে হেরেছেন,તાજેતરમાં બ્રિસ્બેન ઓપનમાં તેઓ રેઓનિક સામે હારી ગયા હતા.,He recently lost against Raonic in the Brisbane Open.,वे हाल ही में ब्रिस्बेन ओपन में रोनिक के खिलाफ हार गए थे.,ben_to_guj,test_cross_script_same_family,ben_Beng,guj_Gujr,Bengali,Gujarati,7,samprati tini brisabena opene raaonikera bipakShe hereChena,सम्प्रति तिनि ब्रिसबेन ओपेने राओनिकेर बिपक्षे हेरेछेन,,
14,Nadal bagged 88% net points in the match winning 76 points in the first serve.,फ़र्स्ट सर्व में नडाल को 76 मैच विनिंग पॉइंट्स में 88% नेट पॉइंट्स मिले.,নাদাল প্রথম সার্ভে ৭৬ পয়েন্ট নিয়ে ম্যাচটিতে ৮৮% নেট পয়েন্ট দখল করেছিল।,નડાલે પ્રથમ સર્વિસમાં 76 પોઇન્ટ જીતીને મેચમાં 88 ટકા નેટ પોઇન્ટ મેળવ્યા હતા.,নাদাল প্রথম সার্ভে ৭৬ পয়েন্ট নিয়ে ম্যাচটিতে ৮৮% নেট পয়েন্ট দখল করেছিল।,નડાલે પ્રથમ સર્વિસમાં 76 પોઇન્ટ જીતીને મેચમાં 88 ટકા નેટ પોઇન્ટ મેળવ્યા હતા.,Nadal bagged 88% net points in the match winning 76 points in the first serve.,फ़र्स्ट सर्व में नडाल को 76 मैच विनिंग पॉइंट्स में 88% नेट पॉइंट्स मिले.,ben_to_guj,test_cross_script_same_family,ben_Beng,guj_Gujr,Bengali,Gujarati,12,naadaala prathama saarbhe 76 paenTa nie myaachaTite 88% neTa paenTa dakhala kareChila।,नादाल प्रथम सार्भे ७६ पय़ेन्ट निय़े म्याचटिते ८८% नेट पय़ेन्ट दखल करेछिल।,,
22,Hsieh also argued that the photogenic Ma was more style than substance.,शय ने यह भी तर्क दिया कि फ़ोटोजेनिक मा हक़ीक़त की तुलना में ज़्यादा बनावटी थे.,এছাড়াও সিয়েহ তর্ক করেছে যে বিচ্ছুরিত মা সত্ত্বার থেকে শৈলী বেশি ছিল।,હસિહએ પણ દલીલ કરી હતી કે ફોટોજેનિક મા સાર કરતાં વધુ શૈલી હતી.,এছাড়াও সিয়েহ তর্ক করেছে যে বিচ্ছুরিত মা সত্ত্বার থেকে শৈলী বেশি ছিল।,હસિહએ પણ દલીલ કરી હતી કે ફોટોજેનિક મા સાર કરતાં વધુ શૈલી હતી.,Hsieh also argued that the photogenic Ma was more style than substance.,शय ने यह भी तर्क दिया कि फ़ोटोजेनिक मा हक़ीक़त की तुलना में ज़्यादा बनावटी थे.,ben_to_guj,test_cross_script_same_family,ben_Beng,guj_Gujr,Bengali,Gujarati,12,eChaaaao sieha tarka kareChe ye bichChurita maa sattbaara theke shailii beshi Chila।,एछाड़ाओ सिय़ेह तर्क करेछे ये बिच्छुरित मा सत्त्बार थेके शैली बेशि छिल।,,
24,Today's Player of the Day is Alex Ovechkin of the Washington Capitals.,आज के खिलाड़ी वॉशिगंटन कैपिटल्स के एलेक्स ओवेचकिन हैं.,আজকের প্লেয়ার অফ দ্য ডে হলেন ওয়াশিংটন ক্যাপিটালসের অ্যালেক্স ওভেককিন।,આજનો પ્લેયર ઓફ ધ ડે વોશિંગ્ટન કેપિટલ્સનો એલેક્સ ઓવેકકીન છે.,আজকের প্লেয়ার অফ দ্য ডে হলেন ওয়াশিংটন ক্যাপিটালসের অ্যালেক্স ওভেককিন।,આજનો પ્લેયર ઓફ ધ ડે વોશિંગ્ટન કેપિટલ્સનો એલેક્સ ઓવેકકીન છે.,Today's Player of the Day is Alex Ovechkin of the Washington Capitals.,आज के खिलाड़ी वॉशिगंटन कैपिटल्स के एलेक्स ओवेचकिन हैं.,ben_to_guj,test_cross_script_same_family,ben_Beng,guj_Gujr,Bengali,Gujarati,10,aajakera pleaara apha dya De halena oyaaashi.mTana kyaapiTaalasera yaaleksa obhekakina।,आजकेर प्लेय़ार अफ द्य डे हलेन ओय़ाशिंटन क्यापिटालसेर अ्यालेक्स ओभेककिन।,,
26,Ovechkin's first assist of the night was on the game-winning goal by rookie Nicklas Backstrom;,उस रात रूकी निकल्स बैकस्ट्रॉम के खेल जिताने वाले गोल से ओवेचकिन को सबसे पहली मदद मिली.,ওভেচকিনের রাতের প্রথম সহায়তা ছিল রুকি নিকলাস ব্যাকস্ট্রম দ্বারা গেম বিজয়ী গোলে;,ઓવેકકીનને રાત્રિની પ્રથમ સહાય રમત-વિજેતા ગોલ પર નવા નિશાળિયા નિક્લાસ બેકસ્ટ્રોમ પાસેથી મળી હતી.,ওভেচকিনের রাতের প্রথম সহায়তা ছিল রুকি নিকলাস ব্যাকস্ট্রম দ্বারা গেম বিজয়ী গোলে;,ઓવેકકીનને રાત્રિની પ્રથમ સહાય રમત-વિજેતા ગોલ પર નવા નિશાળિયા નિક્લાસ બેકસ્ટ્રોમ પાસેથી મળી હતી.,Ovechkin's first assist of the night was on the game-winning goal by rookie Nicklas Backstrom;,उस रात रूकी निकल्स बैकस्ट्रॉम के खेल जिताने वाले गोल से ओवेचकिन को सबसे पहली मदद मिली.,ben_to_guj,test_cross_script_same_family,ben_Beng,guj_Gujr,Bengali,Gujarati,12,obhechakinera raatera prathama sahaaya़taa Chila ruki nikalaasa byaakasTrama dbaaraa gema bijayaii gole;,ओभेचकिनेर रातेर प्रथम सहाय़ता छिल रुकि निकलास ब्याकस्ट्रम द्बारा गेम बिजय़ी गोले;,,
4,The pilot was identified as Squadron Leader Dilokrit Pattavee.,पायलट की पहचान स्क्वाड्रन लीडर दिलोकृत पटावी के रूप में की गई.,,પાઇલટની ઓળખ સ્ક્વૉડ્રન લીડર ડિલોક્રિટ પૅટ્ટાવી તરીકે થઈ.,પાઇલટની ઓળખ સ્ક્વૉડ્રન લીડર ડિલોક્રિટ પૅટ્ટાવી તરીકે થઈ.,"விமானி, ஸ்குவாட்ரான் தலைவர் திலோக்ரித் பட்டாவி என அடையாளம் காணப்பட்டார்.",The pilot was identified as Squadron Leader Dilokrit Pattavee.,पायलट की पहचान स्क्वाड्रन लीडर दिलोकृत पटावी के रूप में की गई.,guj_to_tam,test_cross_script_cross_family,guj_Gujr,tam_Taml,Gujarati,Tamil,8,paailaTanii oldakha skvॉDrana liiDara DilokriTa pॅTTaavii tariike thaii.,पाइलटनी ओळख स्क्वॉड्रन लीडर डिलोक्रिट पॅट्टावी तरीके थई.,"விமானி, ஸ்குவாட்ரான் தலைவர் திலோக்ரித் பட்டாவி என அடையாளம் காணப்பட்டார்.",
6,"28-year-old Vidal had joined Barça three seasons ago, from Sevilla.",28 वर्षीय विडाल तीन सीजन पहले सेविला से बारका में शामिल हुए थे।,,28 વર્ષના વિદાલ ત્રણ સિઝન પહેલા બારકા સાથે જોડાયા હતા.,28 વર્ષના વિદાલ ત્રણ સિઝન પહેલા બારકા સાથે જોડાયા હતા.,"28 வயதான விடல் மூன்று பருவங்களுக்கு முன்பாக, செவில்லாவில் இருந்து பார்காவில் சேர்ந்தார்.","28-year-old Vidal had joined Barça three seasons ago, from Sevilla.",28 वर्षीय विडाल तीन सीजन पहले सेविला से बारका में शामिल हुए थे।,guj_to_tam,test_cross_script_cross_family,guj_Gujr,tam_Taml,Gujarati,Tamil,10,28 varShanaa vidaala traNa sijhana pahelaa baarakaa saathe joDaayaa hataa.,28 वर्षना विदाल त्रण सिझन पहेला बारका साथे जोडाया हता.,"28 வயதான விடல் மூன்று பருவங்களுக்கு முன்பாக, செவில்லாவில் இருந்து பார்காவில் சேர்ந்தார்.",
7,"Since moving to the Catalan-capital, Vidal had played 49 games for the club.","कातलान की राजधानी (बार्सिलोना) में जाने के बाद से, विडाल ने क्लब के लिए 49 गेम खेले थे.",,કેટાલનની રાજધાનીમાં ગયા પછી વિડાલ ક્લબ માટે 49 રમતો રમ્યો હતા.,કેટાલનની રાજધાનીમાં ગયા પછી વિડાલ ક્લબ માટે 49 રમતો રમ્યો હતા.,"கடலான்-கேபிடலுக்கு மாறிய பின், விடால் அந்த கிளப்பிற்காக 49 ஆட்டங்களில் விளையாடி இருக்கிறார்.","Since moving to the Catalan-capital, Vidal had played 49 games for the club.","कातलान की राजधानी (बार्सिलोना) में जाने के बाद से, विडाल ने क्लब के लिए 49 गेम खेले थे.",guj_to_tam,test_cross_script_cross_family,guj_Gujr,tam_Taml,Gujarati,Tamil,11,keTaalananii raajadhaaniimaa.m gayaa paChii viDaala klaba maaTe 49 ramato ramyo hataa.,केटालननी राजधानीमां गया पछी विडाल क्लब माटे 49 रमतो रम्यो हता.,"கடலான்-கேபிடலுக்கு மாறிய பின், விடால் அந்த கிளப்பிற்காக 49 ஆட்டங்களில் விளையாடி இருக்கிறார்.",
9,"Just after 11:00, protesters blocked traffic on the northbound carriage in Whitehall.","ठीक 11:00 बजे के बाद, व्हाइटहॉल में उत्तर की ओर जाने वाले ट्रैफ़िक को प्रदर्शनकारियों ने रोक दिया.",,"11:00 વાગતાજ, વિરોધપ્રદર્શનકારીઓએ વાઇટહોલના નોર્થબોઉંડ કેરિએજ પર ટ્રાફિક રોકી દીધુ.","11:00 વાગતાજ, વિરોધપ્રદર્શનકારીઓએ વાઇટહોલના નોર્થબોઉંડ કેરિએજ પર ટ્રાફિક રોકી દીધુ.","11:00 மணிக்குப் பின்னர், எதிர்ப்பாளர்கள் ஒயிட்ஹாலில் வடக்கு நோக்கி செல்லும் வண்டிகளின் போக்குவரத்தைத் தடுத்தனர்.","Just after 11:00, protesters blocked traffic on the northbound carriage in Whitehall.","ठीक 11:00 बजे के बाद, व्हाइटहॉल में उत्तर की ओर जाने वाले ट्रैफ़िक को प्रदर्शनकारियों ने रोक दिया.",guj_to_tam,test_cross_script_cross_family,guj_Gujr,tam_Taml,Gujarati,Tamil,10,"11:00 vaagataaja, virodhapradarshanakaariioe vaaiTaholanaa northabou.mDa kerieja para Traaphika rokii diidhu.","11:00 वागताज, विरोधप्रदर्शनकारीओए वाइटहोलना नोर्थबोउंड केरिएज पर ट्राफिक रोकी दीधु.","11:00 மணிக்குப் பின்னர், எதிர்ப்பாளர்கள் ஒயிட்ஹாலில் வடக்கு நோக்கி செல்லும் வண்டிகளின் போக்குவரத்தைத் தடுத்தனர்.",
12,Nadal's head to head record against the Canadian is 7–2.,कनाडियन के खिलाफ नडाल का सीधा रिकॉर्ड 7-2 है।,,નાદલ અને કેનેડિયન વચ્ચે ની હરીફાઈ નો રેકોર્ડ 7-2 છે.,નાદલ અને કેનેડિયન વચ્ચે ની હરીફાઈ નો રેકોર્ડ 7-2 છે.,அந்த கனடா நாட்டவருடன் நடாலின் நேருக்கு நேர் மோதிய சாதனை 7-2 ஆகும்.,Nadal's head to head record against the Canadian is 7–2.,कनाडियन के खिलाफ नडाल का सीधा रिकॉर्ड 7-2 है।,guj_to_tam,test_cross_script_cross_family,guj_Gujr,tam_Taml,Gujarati,Tamil,10,naadala ane keneDiyana vachche nii hariiphaaii no rekorDa 7-2 Che.,नादल अने केनेडियन वच्चे नी हरीफाई नो रेकोर्ड 7-2 छे.,அந்த கனடா நாட்டவருடன் நடாலின் நேருக்கு நேர் மோதிய சாதனை 7-2 ஆகும்.,
13,He recently lost against Raonic in the Brisbane Open.,वे हाल ही में ब्रिस्बेन ओपन में रोनिक के खिलाफ हार गए थे.,,તાજેતરમાં બ્રિસ્બેન ઓપનમાં તેઓ રેઓનિક સામે હારી ગયા હતા.,તાજેતરમાં બ્રિસ્બેન ઓપનમાં તેઓ રેઓનિક સામે હારી ગયા હતા.,சமீபத்தில் அவர் பிரிஸ்பேன் ஓபனில் ராயோனிக் அணிக்கு எதிராக விளையாடித் தோற்றார்.,He recently lost against Raonic in the Brisbane Open.,वे हाल ही में ब्रिस्बेन ओपन में रोनिक के खिलाफ हार गए थे.,guj_to_tam,test_cross_script_cross_family,guj_Gujr,tam_Taml,Gujarati,Tamil,9,taajetaramaa.m brisbena opanamaa.m teo reonika saame haarii gayaa hataa.,ताजेतरमां ब्रिस्बेन ओपनमां तेओ रेओनिक सामे हारी गया हता.,சமீபத்தில் அவர் பிரிஸ்பேன் ஓபனில் ராயோனிக் அணிக்கு எதிராக விளையாடித் தோற்றார்.,
24,Today's Player of the Day is Alex Ovechkin of the Washington Capitals.,आज के खिलाड़ी वॉशिगंटन कैपिटल्स के एलेक्स ओवेचकिन हैं.,,આજનો પ્લેયર ઓફ ધ ડે વોશિંગ્ટન કેપિટલ્સનો એલેક્સ ઓવેકકીન છે.,આજનો પ્લેયર ઓફ ધ ડે વોશિંગ્ટન કેપિટલ્સનો એલેક્સ ઓવેકકીન છે.,இன்றைய தினத்தின் ஆட்ட நாயகன் வாஷிங்டன் கேபிடல்ஸின் அலெக்ஸ் ஓவெச்கின் ஆவார்.,Today's Player of the Day is Alex Ovechkin of the Washington Capitals.,आज के खिलाड़ी वॉशिगंटन कैपिटल्स के एलेक्स ओवेचकिन हैं.,guj_to_tam,test_cross_script_cross_family,guj_Gujr,tam_Taml,Gujarati,Tamil,10,aajano pleyara opha dha De voshi.mgTana kepiTalsano eleksa ovekakiina Che.,आजनो प्लेयर ओफ ध डे वोशिंग्टन केपिटल्सनो एलेक्स ओवेककीन छे.,இன்றைய தினத்தின் ஆட்ட நாயகன் வாஷிங்டன் கேபிடல்ஸின் அலெக்ஸ் ஓவெச்கின் ஆவார்.,
30,Iraq's Abu Ghraib prison has been set alight during a riot.,इराक की अबू ग़रीब जेल को दंगे के दौरान आग के हवाले कर दिया गया।,,હુલ્લડ દરમિયાન ઇરાકની અબુ ગરીબ જેલને આગ લગાડવામાં આવી છે.,હુલ્લડ દરમિયાન ઇરાકની અબુ ગરીબ જેલને આગ લગાડવામાં આવી છે.,ஈராக்கின் அபு கிரைப் சிறை ஒரு கலவரத்தின் போது தீ வைக்கப்பட்டது.,Iraq's Abu Ghraib prison has been set alight during a riot.,इराक की अबू ग़रीब जेल को दंगे के दौरान आग के हवाले कर दिया गया।,guj_to_tam,test_cross_script_cross_family,guj_Gujr,tam_Taml,Gujarati,Tamil,10,hullaDa daramiyaana iraakanii abu gariiba jelane aaga lagaaDavaamaa.m aavii Che.,हुल्लड दरमियान इराकनी अबु गरीब जेलने आग लगाडवामां आवी छे.,ஈராக்கின் அபு கிரைப் சிறை ஒரு கலவரத்தின் போது தீ வைக்கப்பட்டது.,
34,Piquet Jr. was sacked after the 2009 Hungarian Grand Prix.,पिकेट जूनियर को 2009 हंगरी ग्रैंड प्री के बाद निकाल दिया गया था.,,પિકેટ જુનિયરને 2009 હંગેરિયન ગ્રાન્ડ પ્રિકસ પછી કાઢી મૂકવામાં આવ્યો હતો.,પિકેટ જુનિયરને 2009 હંગેરિયન ગ્રાન્ડ પ્રિકસ પછી કાઢી મૂકવામાં આવ્યો હતો.,2009 ஆம் ஆண்டு ஹங்கேரிய கிராண்ட் பிரிக்ஸிற்குப் பிறகு பிக்கெட் ஜூனியர் நீக்கப்பட்டார்.,Piquet Jr. was sacked after the 2009 Hungarian Grand Prix.,पिकेट जूनियर को 2009 हंगरी ग्रैंड प्री के बाद निकाल दिया गया था.,guj_to_tam,test_cross_script_cross_family,guj_Gujr,tam_Taml,Gujarati,Tamil,11,pikeTa juniyarane 2009 ha.mgeriyana graanDa prikasa paChii kaaDhii muukavaamaa.m aavyo hato.,पिकेट जुनियरने 2009 हंगेरियन ग्रान्ड प्रिकस पछी काढी मूकवामां आव्यो हतो.,2009 ஆம் ஆண்டு ஹங்கேரிய கிராண்ட் பிரிக்ஸிற்குப் பிறகு பிக்கெட் ஜூனியர் நீக்கப்பட்டார்.,
36,Two beams of light have been rigged up to point skywards overnight.,रातभर आसमान की ओर देखने के लिए प्रकाश की दो किरणों को तैयार किया गया है.,,બે લાઈટ આખી રાત આકાશ તરફ પડે એ રીતે ગોઠવવામાં આવી છે.,બે લાઈટ આખી રાત આકાશ તરફ પડે એ રીતે ગોઠવવામાં આવી છે.,இரண்டு ஒளிக்கதிர்களும் இரவில் வானத்தை நோக்கி பயணிக்கச் செய்யப்பட்டவை.,Two beams of light have been rigged up to point skywards overnight.,रातभर आसमान की ओर देखने के लिए प्रकाश की दो किरणों को तैयार किया गया है.,guj_to_tam,test_cross_script_cross_family,guj_Gujr,tam_Taml,Gujarati,Tamil,12,be laaiiTa aakhii raata aakaasha tarapha paDe e riite goThavavaamaa.m aavii Che.,बे लाईट आखी रात आकाश तरफ पडे ए रीते गोठववामां आवी छे.,இரண்டு ஒளிக்கதிர்களும் இரவில் வானத்தை நோக்கி பயணிக்கச் செய்யப்பட்டவை.,
4,The pilot was identified as Squadron Leader Dilokrit Pattavee.,पायलट की पहचान स्क्वाड्रन लीडर दिलोकृत पटावी के रूप में की गई.,পাইলটটি স্কোয়াড্রন লিডার দিলোকৃত পাত্তাভী হিসেবে শনাক্ত হয়েছিল।,,পাইলটগৰাকী স্কুৱাড্ৰন লীডাৰ ডিলক্ৰিট পাটাভি বুলি চিনাক্ত কৰা হৈছে।,পাইলটটি স্কোয়াড্রন লিডার দিলোকৃত পাত্তাভী হিসেবে শনাক্ত হয়েছিল।,The pilot was identified as Squadron Leader Dilokrit Pattavee.,पायलट की पहचान स्क्वाड्रन लीडर दिलोकृत पटावी के रूप में की गई.,asm_to_ben,control_same_script,asm_Beng,ben_Beng,Assamese,Bengali,9,paailaTagaaakii skuaaD॰na liiDaa॰ DilakiTa paaTaabhi buli chinaakta kaaa haiChe।,पाइलटगৰाकी स्कुৱाड्ৰन लीडाৰ डिलक्ৰिट पाटाभि बुलि चिनाक्त कৰा हैछे।,,পাইলটগৰাকী স্কুৱাড্ৰন লীডাৰ ডিলক্ৰিট পাটাভি বুলি চিনাক্ত কৰা হৈছে।
6,"28-year-old Vidal had joined Barça three seasons ago, from Sevilla.",28 वर्षीय विडाल तीन सीजन पहले सेविला से बारका में शामिल हुए थे।,২৮ বছর বয়সী ভিদাল ৩ বছর আগে সেভিয়া থেকে বার্সেলোনায় যোগদান করেছিল।,,ছেভিলাৰ 28 বছৰীয়া ভিডেলে 3 বছৰৰ আগতে অনুষ্ঠিত হোৱা বার্ছাত যোগদান কৰিছিল।,২৮ বছর বয়সী ভিদাল ৩ বছর আগে সেভিয়া থেকে বার্সেলোনায় যোগদান করেছিল।,"28-year-old Vidal had joined Barça three seasons ago, from Sevilla.",28 वर्षीय विडाल तीन सीजन पहले सेविला से बारका में शामिल हुए थे।,asm_to_ben,control_same_script,asm_Beng,ben_Beng,Assamese,Bengali,12,Chebhilaa॰ 28 baChaiiyaaa bhiDele 3 baCha॰॰ aagate anuShThita hoaa baarChaata yogadaana kaiChila।,छेभिलाৰ 28 बछৰीय़ा भिडेले 3 बछৰৰ आगते अनुष्ठित होৱा बार्छात योगदान कৰिछिल।,,ছেভিলাৰ 28 বছৰীয়া ভিডেলে 3 বছৰৰ আগতে অনুষ্ঠিত হোৱা বার্ছাত যোগদান কৰিছিল।
7,"Since moving to the Catalan-capital, Vidal had played 49 games for the club.","कातलान की राजधानी (बार्सिलोना) में जाने के बाद से, विडाल ने क्लब के लिए 49 गेम खेले थे.",কাতালান-রাজধানীতে আসার পর থেকে ভিদাল ক্লাবটির হয়ে 49 টি গেম খেলেছিল।,,কেটালানৰ ৰাজধানীলৈ যোৱাৰ পাছত ভিডালে ক্লাবটোৰ হৈ ৪৯ খন খেল খেলিছে।,কাতালান-রাজধানীতে আসার পর থেকে ভিদাল ক্লাবটির হয়ে 49 টি গেম খেলেছিল।,"Since moving to the Catalan-capital, Vidal had played 49 games for the club.","कातलान की राजधानी (बार्सिलोना) में जाने के बाद से, विडाल ने क्लब के लिए 49 गेम खेले थे.",asm_to_ben,control_same_script,asm_Beng,ben_Beng,Assamese,Bengali,11,keTaalaana॰ aajadhaaniilai yoaa॰ paaChata bhiDaale klaabaTo॰ hai 49 khana khela kheliChe।,केटालानৰ ৰाजधानीलै योৱाৰ पाछत भिडाले क्लाबटोৰ है ४९ खन खेल खेलिछे।,,কেটালানৰ ৰাজধানীলৈ যোৱাৰ পাছত ভিডালে ক্লাবটোৰ হৈ ৪৯ খন খেল খেলিছে।
9,"Just after 11:00, protesters blocked traffic on the northbound carriage in Whitehall.","ठीक 11:00 बजे के बाद, व्हाइटहॉल में उत्तर की ओर जाने वाले ट्रैफ़िक को प्रदर्शनकारियों ने रोक दिया.","11:00 টার ঠিক পরে, বিক্ষোভকারীরা হোয়াইটহলের উত্তরদিকগামি যানচলাচল অবরোধ করেছিল।",,ঠিক 11:00ৰ পিছত প্রতিবাদকাৰীসকলে হোৱাইট হলৰ নর্থবাউণ্ড কেৰেজৰ ট্রেফিক অৱৰোধ কৰে।,"11:00 টার ঠিক পরে, বিক্ষোভকারীরা হোয়াইটহলের উত্তরদিকগামি যানচলাচল অবরোধ করেছিল।","Just after 11:00, protesters blocked traffic on the northbound carriage in Whitehall.","ठीक 11:00 बजे के बाद, व्हाइटहॉल में उत्तर की ओर जाने वाले ट्रैफ़िक को प्रदर्शनकारियों ने रोक दिया.",asm_to_ben,control_same_script,asm_Beng,ben_Beng,Assamese,Bengali,11,Thika 11:00॰ piChata pratibaadakaaiisakale hoaaiTa hala॰ narthabaauNDa keeja॰ Trephika aॱodha kae।,ठिक 11:00ৰ पिछत प्रतिबादकाৰीसकले होৱाइट हलৰ नर्थबाउण्ड केৰेजৰ ट्रेफिक अৱৰोध कৰे।,,ঠিক 11:00ৰ পিছত প্রতিবাদকাৰীসকলে হোৱাইট হলৰ নর্থবাউণ্ড কেৰেজৰ ট্রেফিক অৱৰোধ কৰে।
12,Nadal's head to head record against the Canadian is 7–2.,कनाडियन के खिलाफ नडाल का सीधा रिकॉर्ड 7-2 है।,কানাডার এই খেলোয়াড়ের বিরুদ্ধে নাদালের মুখোমুখি হওয়ার পরিসংখ্যান হলো ৭-২ ।,,কানাডীয়ানৰ লগত হোৱা নাডালৰ মুখামুখি প্ৰতিদন্দ্বিতাৰ ৰেকৰ্ড হ'ল ৭-২।,কানাডার এই খেলোয়াড়ের বিরুদ্ধে নাদালের মুখোমুখি হওয়ার পরিসংখ্যান হলো ৭-২ ।,Nadal's head to head record against the Canadian is 7–2.,कनाडियन के खिलाफ नडाल का सीधा रिकॉर्ड 7-2 है।,asm_to_ben,control_same_script,asm_Beng,ben_Beng,Assamese,Bengali,9,kaanaaDiiaana॰ lagata hoaa naaDaala॰ mukhaamukhi p॰tidandbitaa॰ ekaDa ha'la 7-2।,कानाडीय़ानৰ लगत होৱा नाडालৰ मुखामुखि प्ৰतिदन्द्बिताৰ ৰेकৰ्ड ह'ल ७-२।,,কানাডীয়ানৰ লগত হোৱা নাডালৰ মুখামুখি প্ৰতিদন্দ্বিতাৰ ৰেকৰ্ড হ'ল ৭-২।
13,He recently lost against Raonic in the Brisbane Open.,वे हाल ही में ब्रिस्बेन ओपन में रोनिक के खिलाफ हार गए थे.,সম্প্রতি তিনি ব্রিসবেন ওপেনে রাওনিকের বিপক্ষে হেরেছেন,,তেওঁ অলপতে ব্ৰিছবেন অ'পেনত ৰেঅ'নিকৰ বিপক্ষে পৰাজিত হৈছিল৷,সম্প্রতি তিনি ব্রিসবেন ওপেনে রাওনিকের বিপক্ষে হেরেছেন,He recently lost against Raonic in the Brisbane Open.,वे हाल ही में ब्रिस्बेन ओपन में रोनिक के खिलाफ हार गए थे.,asm_to_ben,control_same_script,asm_Beng,ben_Beng,Assamese,Bengali,8,teoँ alapate biChabena a'penata ea'nika॰ bipakShe paaajita haiChilaॷ,तेओँ अलपते ब्ৰिछबेन अ'पेनत ৰेअ'निकৰ बिपक्षे पৰाजित हैछिल৷,,তেওঁ অলপতে ব্ৰিছবেন অ'পেনত ৰেঅ'নিকৰ বিপক্ষে পৰাজিত হৈছিল৷
14,Nadal bagged 88% net points in the match winning 76 points in the first serve.,फ़र्स्ट सर्व में नडाल को 76 मैच विनिंग पॉइंट्स में 88% नेट पॉइंट्स मिले.,নাদাল প্রথম সার্ভে ৭৬ পয়েন্ট নিয়ে ম্যাচটিতে ৮৮% নেট পয়েন্ট দখল করেছিল।,,নাডালে প্ৰথম ছাৰ্ভতে খেল জয়ৰ ৭৬পইণ্ট ৮৮% নেট পইণ্ট অৰ্জন কৰিছিল।,নাদাল প্রথম সার্ভে ৭৬ পয়েন্ট নিয়ে ম্যাচটিতে ৮৮% নেট পয়েন্ট দখল করেছিল।,Nadal bagged 88% net points in the match winning 76 points in the first serve.,फ़र्स्ट सर्व में नडाल को 76 मैच विनिंग पॉइंट्स में 88% नेट पॉइंट्स मिले.,asm_to_ben,control_same_script,asm_Beng,ben_Beng,Assamese,Bengali,11,naaDaale p॰thama Chaabhate khela jaय़॰ 76paiNTa 88% neTa paiNTa ajana kaiChila।,नाडाले प्ৰथम छाৰ्भते खेल जय़ৰ ७६पइण्ट ८८% नेट पइण्ट अৰ्जन कৰिछिल।,,নাডালে প্ৰথম ছাৰ্ভতে খেল জয়ৰ ৭৬পইণ্ট ৮৮% নেট পইণ্ট অৰ্জন কৰিছিল।
22,Hsieh also argued that the photogenic Ma was more style than substance.,शय ने यह भी तर्क दिया कि फ़ोटोजेनिक मा हक़ीक़त की तुलना में ज़्यादा बनावटी थे.,এছাড়াও সিয়েহ তর্ক করেছে যে বিচ্ছুরিত মা সত্ত্বার থেকে শৈলী বেশি ছিল।,,ছিয়েহেও  যুক্তি দৰ্শাইছিল যে দ্ৰব্যতকৈ ফ'টোজেনিক মা বেছি চৌখিন।,এছাড়াও সিয়েহ তর্ক করেছে যে বিচ্ছুরিত মা সত্ত্বার থেকে শৈলী বেশি ছিল।,Hsieh also argued that the photogenic Ma was more style than substance.,शय ने यह भी तर्क दिया कि फ़ोटोजेनिक मा हक़ीक़त की तुलना में ज़्यादा बनावटी थे.,asm_to_ben,control_same_script,asm_Beng,ben_Beng,Assamese,Bengali,9,Chieheo  yukti dashaaiChila ye d॰byatakai pha'Tojenika maa beChi chaukhina।,छिय़ेहेओ  युक्ति दৰ्शाइछिल ये द्ৰब्यतकै फ'टोजेनिक मा बेछि चौखिन।,,ছিয়েহেও  যুক্তি দৰ্শাইছিল যে দ্ৰব্যতকৈ ফ'টোজেনিক মা বেছি চৌখিন।
24,Today's Player of the Day is Alex Ovechkin of the Washington Capitals.,आज के खिलाड़ी वॉशिगंटन कैपिटल्स के एलेक्स ओवेचकिन हैं.,আজকের প্লেয়ার অফ দ্য ডে হলেন ওয়াশিংটন ক্যাপিটালসের অ্যালেক্স ওভেককিন।,,আজিৰ প্লেয়াৰ অফ দা ডে হৈছে ৱাশ্বিংটন কেপিটেলৰ এলেক্স অ'ভেছকিন৷,আজকের প্লেয়ার অফ দ্য ডে হলেন ওয়াশিংটন ক্যাপিটালসের অ্যালেক্স ওভেককিন।,Today's Player of the Day is Alex Ovechkin of the Washington Capitals.,आज के खिलाड़ी वॉशिगंटन कैपिटल्स के एलेक्स ओवेचकिन हैं.,asm_to_ben,control_same_script,asm_Beng,ben_Beng,Assamese,Bengali,10,aaji॰ pleaa॰ apha daa De haiChe aashbi.mTana kepiTela॰ eleksa a'bheChakinaॷ,आजिৰ प्लेय़ाৰ अफ दा डे हैछे ৱाश्बिंटन केपिटेलৰ एलेक्स अ'भेछकिन৷,,আজিৰ প্লেয়াৰ অফ দা ডে হৈছে ৱাশ্বিংটন কেপিটেলৰ এলেক্স অ'ভেছকিন৷
30,Iraq's Abu Ghraib prison has been set alight during a riot.,इराक की अबू ग़रीब जेल को दंगे के दौरान आग के हवाले कर दिया गया।,একটি দাঙ্গার সময় ইরাকের আবু গারিব কারাগারটি জ্বালিয়ে দেয়া হয়েছে।,,ইৰাকৰ আবু ঘ্ৰাইব কাৰাগাৰখনক এটা বিদ্ৰোহৰ সময়ত নিৰ্মাণ কৰা হৈছিল৷,একটি দাঙ্গার সময় ইরাকের আবু গারিব কারাগারটি জ্বালিয়ে দেয়া হয়েছে।,Iraq's Abu Ghraib prison has been set alight during a riot.,इराक की अबू ग़रीब जेल को दंगे के दौरान आग के हवाले कर दिया गया।,asm_to_ben,control_same_script,asm_Beng,ben_Beng,Assamese,Bengali,10,iaaka॰ aabu ghaaiba kaaaagaa॰khanaka eTaa bidoha॰ samaय़ta nimaaNa kaaa haiChilaॷ,इৰाकৰ आबु घ्ৰाइब काৰागाৰखनक एटा बिद्ৰोहৰ समय़त निৰ्माण कৰा हैछिल৷,,ইৰাকৰ আবু ঘ্ৰাইব কাৰাগাৰখনক এটা বিদ্ৰোহৰ সময়ত নিৰ্মাণ কৰা হৈছিল৷
4,The pilot was identified as Squadron Leader Dilokrit Pattavee.,पायलट की पहचान स्क्वाड्रन लीडर दिलोकृत पटावी के रूप में की गई.,,પાઇલટની ઓળખ સ્ક્વૉડ્રન લીડર ડિલોક્રિટ પૅટ્ટાવી તરીકે થઈ.,पायलट की पहचान स्क्वाड्रन लीडर दिलोकृत पटावी के रूप में की गई.,પાઇલટની ઓળખ સ્ક્વૉડ્રન લીડર ડિલોક્રિટ પૅટ્ટાવી તરીકે થઈ.,The pilot was identified as Squadron Leader Dilokrit Pattavee.,पायलट की पहचान स्क्वाड्रन लीडर दिलोकृत पटावी के रूप में की गई.,hin_to_guj,control_devanagari_in_input,hin_Deva,guj_Gujr,Hindi,Gujarati,12,paayalaTa kii pahachaana skvaaDrana liiDara dilokR^ita paTaavii ke ruupa me.m kii gaii.,पायलट की पहचान स्क्वाड्रन लीडर दिलोकृत पटावी के रूप में की गई.,,
12,Nadal's head to head record against the Canadian is 7–2.,कनाडियन के खिलाफ नडाल का सीधा रिकॉर्ड 7-2 है।,,નાદલ અને કેનેડિયન વચ્ચે ની હરીફાઈ નો રેકોર્ડ 7-2 છે.,कनाडियन के खिलाफ नडाल का सीधा रिकॉर्ड 7-2 है।,નાદલ અને કેનેડિયન વચ્ચે ની હરીફાઈ નો રેકોર્ડ 7-2 છે.,Nadal's head to head record against the Canadian is 7–2.,कनाडियन के खिलाफ नडाल का सीधा रिकॉर्ड 7-2 है।,hin_to_guj,control_devanagari_in_input,hin_Deva,guj_Gujr,Hindi,Gujarati,9,kanaaDiyana ke khilaapha naDaala kaa siidhaa rikॉrDa 7-2 hai.,कनाडियन के खिलाफ नडाल का सीधा रिकॉर्ड 7-2 है।,,
24,Today's Player of the Day is Alex Ovechkin of the Washington Capitals.,आज के खिलाड़ी वॉशिगंटन कैपिटल्स के एलेक्स ओवेचकिन हैं.,,આજનો પ્લેયર ઓફ ધ ડે વોશિંગ્ટન કેપિટલ્સનો એલેક્સ ઓવેકકીન છે.,आज के खिलाड़ी वॉशिगंटन कैपिटल्स के एलेक्स ओवेचकिन हैं.,આજનો પ્લેયર ઓફ ધ ડે વોશિંગ્ટન કેપિટલ્સનો એલેક્સ ઓવેકકીન છે.,Today's Player of the Day is Alex Ovechkin of the Washington Capitals.,आज के खिलाड़ी वॉशिगंटन कैपिटल्स के एलेक्स ओवेचकिन हैं.,hin_to_guj,control_devanagari_in_input,hin_Deva,guj_Gujr,Hindi,Gujarati,9,aaja ke khilaaDaii vॉshiga.mTana kaipiTalsa ke eleksa ovechakina hai.m.,आज के खिलाड़ी वॉशिगंटन कैपिटल्स के एलेक्स ओवेचकिन हैं.,,
81,Maroochydore then defeated Caboolture in the Preliminary Final.,मारूचिडोर ने इसके बाद प्रारंभिक फाइनल में कैबुलचर को हराया।,,મરુચીડોરએ કાબૂલતરને પ્રીલિમિનરી ફાઇનલમાં હરાવ્યા.,मारूचिडोर ने इसके बाद प्रारंभिक फाइनल में कैबुलचर को हराया।,મરુચીડોરએ કાબૂલતરને પ્રીલિમિનરી ફાઇનલમાં હરાવ્યા.,Maroochydore then defeated Caboolture in the Preliminary Final.,मारूचिडोर ने इसके बाद प्रारंभिक फाइनल में कैबुलचर को हराया।,hin_to_guj,control_devanagari_in_input,hin_Deva,guj_Gujr,Hindi,Gujarati,10,maaruuchiDora ne isake baada praara.mbhika phaainala me.m kaibulachara ko haraayaa.,मारूचिडोर ने इसके बाद प्रारंभिक फाइनल में कैबुलचर को हराया।,,
96,An inquiry was established to investigate.,छानबीन के लिए एक जाँच गठित की गई थी।,,વધુ તપાસ માટે પૂછપરછની ગોઠવણ કરવામાં આવી હતી.,छानबीन के लिए एक जाँच गठित की गई थी।,વધુ તપાસ માટે પૂછપરછની ગોઠવણ કરવામાં આવી હતી.,An inquiry was established to investigate.,छानबीन के लिए एक जाँच गठित की गई थी।,hin_to_guj,control_devanagari_in_input,hin_Deva,guj_Gujr,Hindi,Gujarati,9,Chaanabiina ke lie eka jaaँcha gaThita kii gaii thii.,छानबीन के लिए एक जाँच गठित की गई थी।,,
109,The capsule will look much like a shooting star going across the sky.,कैप्सूल बहुत हद तक आसमान में एक उल्का की तरह दिखाई देगा.,,આ કેપ્સ્યુલ આકાશમાં થી પસાર થઈ રહેલા શૂટિંગ સ્ટાર જેવી જ લાગશે.,कैप्सूल बहुत हद तक आसमान में एक उल्का की तरह दिखाई देगा.,આ કેપ્સ્યુલ આકાશમાં થી પસાર થઈ રહેલા શૂટિંગ સ્ટાર જેવી જ લાગશે.,The capsule will look much like a shooting star going across the sky.,कैप्सूल बहुत हद तक आसमान में एक उल्का की तरह दिखाई देगा.,hin_to_guj,control_devanagari_in_input,hin_Deva,guj_Gujr,Hindi,Gujarati,12,kaipsuula bahuta hada taka aasamaana me.m eka ulkaa kii taraha dikhaaii degaa.,कैप्सूल बहुत हद तक आसमान में एक उल्का की तरह दिखाई देगा.,,
115,It is the biggest acquisition in eBay's history.,यह eBay के इतिहास में सबसे बड़ा अधिग्रहण है.,,eBayના ઇતિહાસમાં આ સૌથી મોટું અધિગ્રહણ છે.,यह eBay के इतिहास में सबसे बड़ा अधिग्रहण है.,eBayના ઇતિહાસમાં આ સૌથી મોટું અધિગ્રહણ છે.,It is the biggest acquisition in eBay's history.,यह eBay के इतिहास में सबसे बड़ा अधिग्रहण है.,hin_to_guj,control_devanagari_in_input,hin_Deva,guj_Gujr,Hindi,Gujarati,9,yaha eBay ke itihaasa me.m sabase baDaaa adhigrahaNa hai.,यह eBay के इतिहास में सबसे बड़ा अधिग्रहण है.,,
156,Fifteen of these rocks are attributed to the meteorite shower last July.,इनमें से पंद्रह चट्टानें पिछली जुलाई में हुए उल्कापात की देन हैं.,,આમાંથી પંદર ખડકો ગયા જુલાઈમાં ઉલ્કાવર્ષાને કારણે થયા હતા.,इनमें से पंद्रह चट्टानें पिछली जुलाई में हुए उल्कापात की देन हैं.,આમાંથી પંદર ખડકો ગયા જુલાઈમાં ઉલ્કાવર્ષાને કારણે થયા હતા.,Fifteen of these rocks are attributed to the meteorite shower last July.,इनमें से पंद्रह चट्टानें पिछली जुलाई में हुए उल्कापात की देन हैं.,hin_to_guj,control_devanagari_in_input,hin_Deva,guj_Gujr,Hindi,Gujarati,12,iname.m se pa.mdraha chaTTaane.m piChalii julaaii me.m hue ulkaapaata kii dena hai.m.,इनमें से पंद्रह चट्टानें पिछली जुलाई में हुए उल्कापात की देन हैं.,,
168,The attack put a huge strain on relations between India and Pakistan.,हमले ने भारत और पाकिस्तान के रिश्तों पर भारी तनाव डाला है.,,હુમલાના કારણે ભારત અને પાકિસ્તાનના સંબંધો અતિશય તંગ થયા.,हमले ने भारत और पाकिस्तान के रिश्तों पर भारी तनाव डाला है.,હુમલાના કારણે ભારત અને પાકિસ્તાનના સંબંધો અતિશય તંગ થયા.,The attack put a huge strain on relations between India and Pakistan.,हमले ने भारत और पाकिस्तान के रिश्तों पर भारी तनाव डाला है.,hin_to_guj,control_devanagari_in_input,hin_Deva,guj_Gujr,Hindi,Gujarati,12,hamale ne bhaarata aura paakistaana ke rishto.m para bhaarii tanaava Daalaa hai.,हमले ने भारत और पाकिस्तान के रिश्तों पर भारी तनाव डाला है.,,
204,Some of the rainfall was accompanied by thunderstorms and frequent lightning.,कुछ वर्षा के समय आंधी आई और बार-बार बिजली गिरी ।,,કેટલોક વરસાદ ગાજવીજ અને વારંવાર વીજળી પડવા સાથે થયો હતો.,कुछ वर्षा के समय आंधी आई और बार-बार बिजली गिरी ।,કેટલોક વરસાદ ગાજવીજ અને વારંવાર વીજળી પડવા સાથે થયો હતો.,Some of the rainfall was accompanied by thunderstorms and frequent lightning.,कुछ वर्षा के समय आंधी आई और बार-बार बिजली गिरी ।,hin_to_guj,control_devanagari_in_input,hin_Deva,guj_Gujr,Hindi,Gujarati,11,kuCha varShaa ke samaya aa.mdhii aaii aura baara-baara bijalii girii .,कुछ वर्षा के समय आंधी आई और बार-बार बिजली गिरी ।,,
