text,num_chars,num_tokens,tokens_per_char,token_ids,token_pieces,decoded_pieces,piece_scripts,byte_like_piece_count,mixed_piece_count,other_piece_count,lang,lang_name,sample_kind
เฆชเฆพเฆจเง,4,5,1.25,"[146838, 49128, 101, 26927, 222]","['ร ยฆยช', 'ร ยฆยพร ยฆ', 'ยจ', 'ร ยง', 'ฤข']","['เฆช', 'เฆพ๏ฟฝ', '๏ฟฝ', '๏ฟฝ', '๏ฟฝ']","['Bengali', 'Mixed', 'Other', 'Other', 'Other']",0,1,3,asm_Beng,Assamese,native_word
เฆธเงเงฐเงเฆฏ,5,7,1.4,"[146711, 26927, 224, 26927, 108, 52806, 107]","['ร ยฆยธ', 'ร ยง', 'ฤค', 'ร ยง', 'ยฐ', 'ร ยงฤฏร ยฆ', 'ยฏ']","['เฆธ', '๏ฟฝ', '๏ฟฝ', '๏ฟฝ', '๏ฟฝ', 'เง๏ฟฝ', '๏ฟฝ']","['Bengali', 'Other', 'Other', 'Other', 'Other', 'Mixed', 'Other']",0,1,5,asm_Beng,Assamese,native_word
เฆเฆจเงเฆฆเงเงฐ,6,7,1.1666666666666667,"[148431, 86548, 52806, 99, 52595, 26927, 108]","['ร ยฆฤผ', 'ร ยฆยจ', 'ร ยงฤฏร ยฆ', 'ยฆ', 'ร ยงฤฏ', 'ร ยง', 'ยฐ']","['เฆ', 'เฆจ', 'เง๏ฟฝ', '๏ฟฝ', 'เง', '๏ฟฝ', '๏ฟฝ']","['Bengali', 'Bengali', 'Mixed', 'Other', 'Bengali', 'Other', 'Other']",0,1,3,asm_Beng,Assamese,native_word
เฆจเฆเงเฆทเฆคเงเงฐ,7,8,1.1428571428571428,"[86548, 146775, 52806, 115, 147645, 52595, 26927, 108]","['ร ยฆยจ', 'ร ยฆฤท', 'ร ยงฤฏร ยฆ', 'ยท', 'ร ยฆยค', 'ร ยงฤฏ', 'ร ยง', 'ยฐ']","['เฆจ', 'เฆ', 'เง๏ฟฝ', '๏ฟฝ', 'เฆค', 'เง', '๏ฟฝ', '๏ฟฝ']","['Bengali', 'Bengali', 'Mixed', 'Other', 'Bengali', 'Bengali', 'Other', 'Other']",0,1,3,asm_Beng,Assamese,native_word
เฆซเงเฆฒ,3,4,1.3333333333333333,"[150262, 26927, 223, 146227]","['ร ยฆยซ', 'ร ยง', 'ฤฃ', 'ร ยฆยฒ']","['เฆซ', '๏ฟฝ', '๏ฟฝ', 'เฆฒ']","['Bengali', 'Other', 'Other', 'Bengali']",0,0,2,asm_Beng,Assamese,native_word
เฆเฆฒ,2,2,1.0,"[148204, 146227]","['ร ยฆฤพ', 'ร ยฆยฒ']","['เฆ', 'เฆฒ']","['Bengali', 'Bengali']",0,0,0,ben_Beng,Bengali,native_word
เฆธเงเฆฐเงเฆฏ,5,6,1.2,"[146711, 26927, 224, 72258, 52806, 107]","['ร ยฆยธ', 'ร ยง', 'ฤค', 'ร ยฆยฐ', 'ร ยงฤฏร ยฆ', 'ยฏ']","['เฆธ', '๏ฟฝ', '๏ฟฝ', 'เฆฐ', 'เง๏ฟฝ', '๏ฟฝ']","['Bengali', 'Other', 'Other', 'Bengali', 'Mixed', 'Other']",0,1,3,ben_Beng,Bengali,native_word
เฆเฆพเฆเฆฆ,4,4,1.0,"[148431, 49128, 223, 148156]","['ร ยฆฤผ', 'ร ยฆยพร ยฆ', 'ฤฃ', 'ร ยฆยฆ']","['เฆ', 'เฆพ๏ฟฝ', '๏ฟฝ', 'เฆฆ']","['Bengali', 'Mixed', 'Other', 'Bengali']",0,1,1,ben_Beng,Bengali,native_word
เฆคเฆพเฆฐเฆเฆพ,5,5,1.0,"[147645, 49128, 108, 146775, 41312]","['ร ยฆยค', 'ร ยฆยพร ยฆ', 'ยฐ', 'ร ยฆฤท', 'ร ยฆยพ']","['เฆค', 'เฆพ๏ฟฝ', '๏ฟฝ', 'เฆ', 'เฆพ']","['Bengali', 'Mixed', 'Other', 'Bengali', 'Bengali']",0,1,1,ben_Beng,Bengali,native_word
เฆซเงเฆฒ,3,4,1.3333333333333333,"[150262, 26927, 223, 146227]","['ร ยฆยซ', 'ร ยง', 'ฤฃ', 'ร ยฆยฒ']","['เฆซ', '๏ฟฝ', '๏ฟฝ', 'เฆฒ']","['Bengali', 'Other', 'Other', 'Bengali']",0,0,2,ben_Beng,Bengali,native_word
เชชเชพเชฃเซ,4,7,1.75,"[150001, 40714, 122, 40714, 96, 72219, 222]","['ร ยชยช', 'ร ยช', 'ยพ', 'ร ยช', 'ยฃ', 'ร ยซ', 'ฤข']","['เชช', '๏ฟฝ', '๏ฟฝ', '๏ฟฝ', '๏ฟฝ', '๏ฟฝ', '๏ฟฝ']","['Gujarati', 'Other', 'Other', 'Other', 'Other', 'Other', 'Other']",0,0,6,guj_Gujr,Gujarati,native_word
เชธเซเชฐเซเชฏ,5,9,1.8,"[40714, 116, 72219, 224, 148813, 72219, 235, 40714, 107]","['ร ยช', 'ยธ', 'ร ยซ', 'ฤค', 'ร ยชยฐ', 'ร ยซ', 'ฤฏ', 'ร ยช', 'ยฏ']","['๏ฟฝ', '๏ฟฝ', '๏ฟฝ', '๏ฟฝ', 'เชฐ', '๏ฟฝ', '๏ฟฝ', '๏ฟฝ', '๏ฟฝ']","['Other', 'Other', 'Other', 'Other', 'Gujarati', 'Other', 'Other', 'Other', 'Other']",0,0,8,guj_Gujr,Gujarati,native_word
เชเชเชฆเซเชฐ,5,9,1.8,"[40714, 248, 40714, 224, 40714, 99, 72219, 235, 148813]","['ร ยช', 'ฤผ', 'ร ยช', 'ฤค', 'ร ยช', 'ยฆ', 'ร ยซ', 'ฤฏ', 'ร ยชยฐ']","['๏ฟฝ', '๏ฟฝ', '๏ฟฝ', '๏ฟฝ', '๏ฟฝ', '๏ฟฝ', '๏ฟฝ', '๏ฟฝ', 'เชฐ']","['Other', 'Other', 'Other', 'Other', 'Other', 'Other', 'Other', 'Other', 'Gujarati']",0,0,8,guj_Gujr,Gujarati,native_word
เชคเชพเชฐเชพ,4,6,1.5,"[150144, 40714, 122, 148813, 40714, 122]","['ร ยชยค', 'ร ยช', 'ยพ', 'ร ยชยฐ', 'ร ยช', 'ยพ']","['เชค', '๏ฟฝ', '๏ฟฝ', 'เชฐ', '๏ฟฝ', '๏ฟฝ']","['Gujarati', 'Other', 'Other', 'Gujarati', 'Other', 'Other']",0,0,4,guj_Gujr,Gujarati,native_word
เชซเซเชฒ,3,6,2.0,"[40714, 104, 72219, 224, 40714, 110]","['ร ยช', 'ยซ', 'ร ยซ', 'ฤค', 'ร ยช', 'ยฒ']","['๏ฟฝ', '๏ฟฝ', '๏ฟฝ', '๏ฟฝ', '๏ฟฝ', '๏ฟฝ']","['Other', 'Other', 'Other', 'Other', 'Other', 'Other']",0,0,6,guj_Gujr,Gujarati,native_word
เคเคฒ,2,2,1.0,"[146114, 91811]","['ร ยคฤพ', 'ร ยคยฒ']","['เค', 'เคฒ']","['Devanagari', 'Devanagari']",0,0,0,hin_Deva,Hindi,native_word
เคธเฅเคฐเฅเคฏ,5,6,1.2,"[78368, 12619, 224, 44179, 30484, 107]","['ร ยคยธ', 'ร ยฅ', 'ฤค', 'ร ยคยฐ', 'ร ยฅฤฏร ยค', 'ยฏ']","['เคธ', '๏ฟฝ', '๏ฟฝ', 'เคฐ', 'เฅ๏ฟฝ', '๏ฟฝ']","['Devanagari', 'Other', 'Other', 'Devanagari', 'Mixed', 'Other']",0,1,3,hin_Deva,Hindi,native_word
เคเคเคฆเฅเคฐเคฎเคพ,7,6,0.8571428571428571,"[146113, 72314, 145256, 85033, 87244, 23868]","['ร ยคฤผ', 'ร ยคฤค', 'ร ยคยฆ', 'ร ยฅฤฏร ยคยฐ', 'ร ยคยฎ', 'ร ยคยพ']","['เค', 'เค', 'เคฆ', 'เฅเคฐ', 'เคฎ', 'เคพ']","['Devanagari', 'Devanagari', 'Devanagari', 'Devanagari', 'Devanagari', 'Devanagari']",0,0,0,hin_Deva,Hindi,native_word
เคคเคพเคฐเคพ,4,4,1.0,"[79238, 31411, 108, 23868]","['ร ยคยค', 'ร ยคยพร ยค', 'ยฐ', 'ร ยคยพ']","['เคค', 'เคพ๏ฟฝ', '๏ฟฝ', 'เคพ']","['Devanagari', 'Mixed', 'Other', 'Devanagari']",0,1,1,hin_Deva,Hindi,native_word
เคซเฅเคฒ,3,4,1.3333333333333333,"[146934, 12619, 224, 91811]","['ร ยคยซ', 'ร ยฅ', 'ฤค', 'ร ยคยฒ']","['เคซ', '๏ฟฝ', '๏ฟฝ', 'เคฒ']","['Devanagari', 'Other', 'Other', 'Devanagari']",0,0,2,hin_Deva,Hindi,native_word
เดตเตเดณเตเดณเด,6,8,1.3333333333333333,"[147501, 50111, 228, 146477, 84705, 111, 33739, 224]","['ร ยดยต', 'ร ยต', 'ฤจ', 'ร ยดยณ', 'ร ยตฤฏร ยด', 'ยณ', 'ร ยด', 'ฤค']","['เดต', '๏ฟฝ', '๏ฟฝ', 'เดณ', 'เต๏ฟฝ', '๏ฟฝ', '๏ฟฝ', '๏ฟฝ']","['Malayalam', 'Other', 'Other', 'Malayalam', 'Mixed', 'Other', 'Other', 'Other']",0,1,5,mal_Mlym,Malayalam,native_word
เดธเตเดฐเตเดฏเตป,6,7,1.1666666666666667,"[148293, 50111, 224, 148197, 84705, 107, 148978]","['ร ยดยธ', 'ร ยต', 'ฤค', 'ร ยดยฐ', 'ร ยตฤฏร ยด', 'ยฏ', 'ร ยตยป']","['เดธ', '๏ฟฝ', '๏ฟฝ', 'เดฐ', 'เต๏ฟฝ', '๏ฟฝ', 'เตป']","['Malayalam', 'Other', 'Other', 'Malayalam', 'Mixed', 'Other', 'Malayalam']",0,1,3,mal_Mlym,Malayalam,native_word
เดเดจเตเดฆเตเดฐเตป,7,7,1.0,"[147813, 148199, 84705, 99, 84705, 108, 148978]","['ร ยดฤผ', 'ร ยดยจ', 'ร ยตฤฏร ยด', 'ยฆ', 'ร ยตฤฏร ยด', 'ยฐ', 'ร ยตยป']","['เด', 'เดจ', 'เต๏ฟฝ', '๏ฟฝ', 'เต๏ฟฝ', '๏ฟฝ', 'เตป']","['Malayalam', 'Malayalam', 'Mixed', 'Other', 'Mixed', 'Other', 'Malayalam']",0,2,2,mal_Mlym,Malayalam,native_word
เดจเดเตเดทเดคเตเดฐเด,8,9,1.125,"[148199, 147984, 84705, 115, 147804, 84705, 108, 33739, 224]","['ร ยดยจ', 'ร ยดฤท', 'ร ยตฤฏร ยด', 'ยท', 'ร ยดยค', 'ร ยตฤฏร ยด', 'ยฐ', 'ร ยด', 'ฤค']","['เดจ', 'เด', 'เต๏ฟฝ', '๏ฟฝ', 'เดค', 'เต๏ฟฝ', '๏ฟฝ', '๏ฟฝ', '๏ฟฝ']","['Malayalam', 'Malayalam', 'Mixed', 'Other', 'Malayalam', 'Mixed', 'Other', 'Other', 'Other']",0,2,4,mal_Mlym,Malayalam,native_word
เดชเตเดตเต,4,5,1.25,"[148478, 50111, 224, 147501, 72567]","['ร ยดยช', 'ร ยต', 'ฤค', 'ร ยดยต', 'ร ยตฤฏ']","['เดช', '๏ฟฝ', '๏ฟฝ', 'เดต', 'เต']","['Malayalam', 'Other', 'Other', 'Malayalam', 'Malayalam']",0,0,2,mal_Mlym,Malayalam,native_word
เคชเคพเคฃเฅ,4,4,1.0,"[86162, 31411, 96, 43647]","['ร ยคยช', 'ร ยคยพร ยค', 'ยฃ', 'ร ยฅฤข']","['เคช', 'เคพ๏ฟฝ', '๏ฟฝ', 'เฅ']","['Devanagari', 'Mixed', 'Other', 'Devanagari']",0,1,1,mar_Deva,Marathi,native_word
เคธเฅเคฐเฅเคฏ,5,6,1.2,"[78368, 12619, 224, 44179, 30484, 107]","['ร ยคยธ', 'ร ยฅ', 'ฤค', 'ร ยคยฐ', 'ร ยฅฤฏร ยค', 'ยฏ']","['เคธ', '๏ฟฝ', '๏ฟฝ', 'เคฐ', 'เฅ๏ฟฝ', '๏ฟฝ']","['Devanagari', 'Other', 'Other', 'Devanagari', 'Mixed', 'Other']",0,1,3,mar_Deva,Marathi,native_word
เคเคเคฆเฅเคฐ,5,4,0.8,"[146113, 72314, 145256, 85033]","['ร ยคฤผ', 'ร ยคฤค', 'ร ยคยฆ', 'ร ยฅฤฏร ยคยฐ']","['เค', 'เค', 'เคฆ', 'เฅเคฐ']","['Devanagari', 'Devanagari', 'Devanagari', 'Devanagari']",0,0,0,mar_Deva,Marathi,native_word
เคคเคพเคฐเคพ,4,4,1.0,"[79238, 31411, 108, 23868]","['ร ยคยค', 'ร ยคยพร ยค', 'ยฐ', 'ร ยคยพ']","['เคค', 'เคพ๏ฟฝ', '๏ฟฝ', 'เคพ']","['Devanagari', 'Mixed', 'Other', 'Devanagari']",0,1,1,mar_Deva,Marathi,native_word
เคซเฅเคฒ,3,3,1.0,"[146934, 72653, 91811]","['ร ยคยซ', 'ร ยฅฤฃ', 'ร ยคยฒ']","['เคซ', 'เฅ', 'เคฒ']","['Devanagari', 'Devanagari', 'Devanagari']",0,0,0,mar_Deva,Marathi,native_word
เฌชเฌพเฌฃเฌฟ,4,8,2.0,"[124593, 103, 124593, 122, 124593, 96, 124593, 123]","['ร ยฌ', 'ยช', 'ร ยฌ', 'ยพ', 'ร ยฌ', 'ยฃ', 'ร ยฌ', 'ยฟ']","['๏ฟฝ', '๏ฟฝ', '๏ฟฝ', '๏ฟฝ', '๏ฟฝ', '๏ฟฝ', '๏ฟฝ', '๏ฟฝ']","['Other', 'Other', 'Other', 'Other', 'Other', 'Other', 'Other', 'Other']",0,0,8,ory_Orya,Odia,native_word
เฌธเญเฌฐเญเฌฏเญเญ,7,18,2.5714285714285716,"[156, 33543, 156, 255, 224, 124593, 108, 156, 255, 235, 124593, 107, 156, 255, 235, 156, 255, 253]","['ร ', 'ยฌยธ', 'ร ', 'ล', 'ฤค', 'ร ยฌ', 'ยฐ', 'ร ', 'ล', 'ฤฏ', 'ร ยฌ', 'ยฏ', 'ร ', 'ล', 'ฤฏ', 'ร ', 'ล', 'ล']","['๏ฟฝ', '๏ฟฝ๏ฟฝ', '๏ฟฝ', '๏ฟฝ', '๏ฟฝ', '๏ฟฝ', '๏ฟฝ', '๏ฟฝ', '๏ฟฝ', '๏ฟฝ', '๏ฟฝ', '๏ฟฝ', '๏ฟฝ', '๏ฟฝ', '๏ฟฝ', '๏ฟฝ', '๏ฟฝ', '๏ฟฝ']","['Other', 'Other', 'Other', 'Other', 'Other', 'Other', 'Other', 'Other', 'Other', 'Other', 'Other', 'Other', 'Other', 'Other', 'Other', 'Other', 'Other', 'Other']",0,0,18,ory_Orya,Odia,native_word
เฌเฌจเญเฌฆเญเฌฐเฌฎเฌพ,8,18,2.25,"[124593, 248, 124593, 101, 156, 255, 235, 124593, 99, 156, 255, 235, 124593, 108, 124593, 106, 124593, 122]","['ร ยฌ', 'ฤผ', 'ร ยฌ', 'ยจ', 'ร ', 'ล', 'ฤฏ', 'ร ยฌ', 'ยฆ', 'ร ', 'ล', 'ฤฏ', 'ร ยฌ', 'ยฐ', 'ร ยฌ', 'ยฎ', 'ร ยฌ', 'ยพ']","['๏ฟฝ', '๏ฟฝ', '๏ฟฝ', '๏ฟฝ', '๏ฟฝ', '๏ฟฝ', '๏ฟฝ', '๏ฟฝ', '๏ฟฝ', '๏ฟฝ', '๏ฟฝ', '๏ฟฝ', '๏ฟฝ', '๏ฟฝ', '๏ฟฝ', '๏ฟฝ', '๏ฟฝ', '๏ฟฝ']","['Other', 'Other', 'Other', 'Other', 'Other', 'Other', 'Other', 'Other', 'Other', 'Other', 'Other', 'Other', 'Other', 'Other', 'Other', 'Other', 'Other', 'Other']",0,0,18,ory_Orya,Odia,native_word
เฌคเฌพเฌฐเฌพ,4,8,2.0,"[124593, 97, 124593, 122, 124593, 108, 124593, 122]","['ร ยฌ', 'ยค', 'ร ยฌ', 'ยพ', 'ร ยฌ', 'ยฐ', 'ร ยฌ', 'ยพ']","['๏ฟฝ', '๏ฟฝ', '๏ฟฝ', '๏ฟฝ', '๏ฟฝ', '๏ฟฝ', '๏ฟฝ', '๏ฟฝ']","['Other', 'Other', 'Other', 'Other', 'Other', 'Other', 'Other', 'Other']",0,0,8,ory_Orya,Odia,native_word
เฌซเญเฌฒ,3,7,2.3333333333333335,"[124593, 104, 156, 255, 223, 124593, 110]","['ร ยฌ', 'ยซ', 'ร ', 'ล', 'ฤฃ', 'ร ยฌ', 'ยฒ']","['๏ฟฝ', '๏ฟฝ', '๏ฟฝ', '๏ฟฝ', '๏ฟฝ', '๏ฟฝ', '๏ฟฝ']","['Other', 'Other', 'Other', 'Other', 'Other', 'Other', 'Other']",0,0,7,ory_Orya,Odia,native_word
เจชเจพเจฃเฉ,4,7,1.75,"[147374, 39317, 122, 39317, 96, 65877, 222]","['ร ยจยช', 'ร ยจ', 'ยพ', 'ร ยจ', 'ยฃ', 'ร ยฉ', 'ฤข']","['เจช', '๏ฟฝ', '๏ฟฝ', '๏ฟฝ', '๏ฟฝ', '๏ฟฝ', '๏ฟฝ']","['Gurmukhi', 'Other', 'Other', 'Other', 'Other', 'Other', 'Other']",0,0,6,pan_Guru,Punjabi,native_word
เจธเฉเจฐเจ,4,5,1.25,"[150419, 65877, 224, 150418, 147273]","['ร ยจยธ', 'ร ยฉ', 'ฤค', 'ร ยจยฐ', 'ร ยจฤพ']","['เจธ', '๏ฟฝ', '๏ฟฝ', 'เจฐ', 'เจ']","['Gurmukhi', 'Other', 'Other', 'Gurmukhi', 'Gurmukhi']",0,0,2,pan_Guru,Punjabi,native_word
เจเฉฐเจฆเจฐเจฎเจพ,6,10,1.6666666666666667,"[39317, 248, 65877, 108, 39317, 99, 150418, 150416, 39317, 122]","['ร ยจ', 'ฤผ', 'ร ยฉ', 'ยฐ', 'ร ยจ', 'ยฆ', 'ร ยจยฐ', 'ร ยจยฎ', 'ร ยจ', 'ยพ']","['๏ฟฝ', '๏ฟฝ', '๏ฟฝ', '๏ฟฝ', '๏ฟฝ', '๏ฟฝ', 'เจฐ', 'เจฎ', '๏ฟฝ', '๏ฟฝ']","['Other', 'Other', 'Other', 'Other', 'Other', 'Other', 'Gurmukhi', 'Gurmukhi', 'Other', 'Other']",0,0,8,pan_Guru,Punjabi,native_word
เจคเจพเจฐเจพ,4,7,1.75,"[39317, 97, 39317, 122, 150418, 39317, 122]","['ร ยจ', 'ยค', 'ร ยจ', 'ยพ', 'ร ยจยฐ', 'ร ยจ', 'ยพ']","['๏ฟฝ', '๏ฟฝ', '๏ฟฝ', '๏ฟฝ', 'เจฐ', '๏ฟฝ', '๏ฟฝ']","['Other', 'Other', 'Other', 'Other', 'Gurmukhi', 'Other', 'Other']",0,0,6,pan_Guru,Punjabi,native_word
เจซเฉเฉฑเจฒ,4,8,2.0,"[39317, 104, 65877, 223, 65877, 109, 39317, 110]","['ร ยจ', 'ยซ', 'ร ยฉ', 'ฤฃ', 'ร ยฉ', 'ยฑ', 'ร ยจ', 'ยฒ']","['๏ฟฝ', '๏ฟฝ', '๏ฟฝ', '๏ฟฝ', '๏ฟฝ', '๏ฟฝ', '๏ฟฝ', '๏ฟฝ']","['Other', 'Other', 'Other', 'Other', 'Other', 'Other', 'Other', 'Other']",0,0,8,pan_Guru,Punjabi,native_word
เฎจเฏเฎฐเฏ,4,6,1.5,"[20026, 101, 31501, 222, 148209, 46354]","['ร ยฎ', 'ยจ', 'ร ยฏ', 'ฤข', 'ร ยฎยฐ', 'ร ยฏฤฏ']","['๏ฟฝ', '๏ฟฝ', '๏ฟฝ', '๏ฟฝ', 'เฎฐ', 'เฏ']","['Other', 'Other', 'Other', 'Other', 'Tamil', 'Tamil']",0,0,4,tam_Taml,Tamil,native_word
เฎเฏเฎฐเฎฟเฎฏเฎฉเฏ,7,8,1.1428571428571428,"[148503, 31501, 224, 148209, 99012, 107, 147811, 46354]","['ร ยฎฤผ', 'ร ยฏ', 'ฤค', 'ร ยฎยฐ', 'ร ยฎยฟร ยฎ', 'ยฏ', 'ร ยฎยฉ', 'ร ยฏฤฏ']","['เฎ', '๏ฟฝ', '๏ฟฝ', 'เฎฐ', 'เฎฟ๏ฟฝ', '๏ฟฝ', 'เฎฉ', 'เฏ']","['Tamil', 'Other', 'Other', 'Tamil', 'Mixed', 'Other', 'Tamil', 'Tamil']",0,1,3,tam_Taml,Tamil,native_word
เฎจเฎฟเฎฒเฎตเฏ,5,6,1.2,"[20026, 101, 99012, 110, 147583, 83198]","['ร ยฎ', 'ยจ', 'ร ยฎยฟร ยฎ', 'ยฒ', 'ร ยฎยต', 'ร ยฏฤฃ']","['๏ฟฝ', '๏ฟฝ', 'เฎฟ๏ฟฝ', '๏ฟฝ', 'เฎต', 'เฏ']","['Other', 'Other', 'Mixed', 'Other', 'Tamil', 'Tamil']",0,1,3,tam_Taml,Tamil,native_word
เฎจเฎเฏเฎเฎคเฏเฎคเฎฟเฎฐเฎฎเฏ,11,12,1.0909090909090908,"[20026, 101, 147470, 63400, 248, 146111, 63400, 97, 99012, 108, 146150, 46354]","['ร ยฎ', 'ยจ', 'ร ยฎล', 'ร ยฏฤฏร ยฎ', 'ฤผ', 'ร ยฎยค', 'ร ยฏฤฏร ยฎ', 'ยค', 'ร ยฎยฟร ยฎ', 'ยฐ', 'ร ยฎยฎ', 'ร ยฏฤฏ']","['๏ฟฝ', '๏ฟฝ', 'เฎ', 'เฏ๏ฟฝ', '๏ฟฝ', 'เฎค', 'เฏ๏ฟฝ', '๏ฟฝ', 'เฎฟ๏ฟฝ', '๏ฟฝ', 'เฎฎ', 'เฏ']","['Other', 'Other', 'Tamil', 'Mixed', 'Other', 'Tamil', 'Mixed', 'Other', 'Mixed', 'Other', 'Tamil', 'Tamil']",0,3,5,tam_Taml,Tamil,native_word
เฎชเฏ,2,3,1.5,"[147200, 31501, 224]","['ร ยฎยช', 'ร ยฏ', 'ฤค']","['เฎช', '๏ฟฝ', '๏ฟฝ']","['Tamil', 'Other', 'Other']",0,0,2,tam_Taml,Tamil,native_word
